queries_K,B_obs,hit_rate_pct
0.0,16384,52.00
2.0,16384,52.00
4.0,16384,52.00
6.0,16384,52.00
8.0,16384,52.00
10.0,16384,52.00
12.0,16384,52.00
14.0,16384,52.00
16.0,16384,52.00
18.0,16384,52.00
20.0,16384,52.00
22.0,16384,52.00
24.0,16384,52.00
26.0,16384,51.98
28.0,16384,51.96
30.0,16384,51.94
32.0,16384,51.90
34.0,16384,51.66
36.0,16384,51.36
38.0,16384,51.13
40.0,16384,50.99
42.0,16384,50.86
44.0,16384,50.71
46.0,16384,50.66
48.0,16384,50.66
50.0,16384,50.66
52.0,16384,50.68
54.0,16384,50.60
56.0,16384,50.53
58.0,16384,50.48
60.0,16384,50.44
62.0,16384,50.35
64.0,16384,50.28
66.0,16384,50.15
68.0,16384,49.89
70.0,16384,49.70
72.0,16384,49.71
74.0,16384,49.72
76.0,16384,49.72
78.0,16384,49.73
80.0,16384,49.73
82.0,16384,49.70
84.0,16384,49.63
86.0,16384,49.53
88.0,16384,49.38
90.0,16384,49.21
92.0,16384,49.08
94.0,16384,49.03
96.0,16384,49.04
98.0,16384,49.06
100.0,16384,49.05
102.0,16384,49.01
104.0,16384,48.90
106.0,16384,48.86
108.0,16384,48.81
110.0,16384,48.75
112.0,16384,48.71
114.0,16384,48.67
116.0,16384,48.57
118.0,16384,48.65
120.0,16384,48.67
122.0,16384,48.71
124.0,16384,48.71
126.0,16384,48.67
128.0,16384,48.65
130.0,16384,48.64
132.0,16384,48.50
134.0,16384,48.32
136.0,16384,48.20
138.0,16384,48.25
140.0,16384,48.26
142.0,16384,48.27
144.0,16384,48.27
146.0,16384,48.28
148.0,16384,48.24
150.0,16384,48.15
152.0,16384,48.00
154.0,16384,47.87
156.0,16384,47.80
158.0,16384,47.81
160.0,16384,47.81
162.0,16384,47.83
164.0,16384,47.85
166.0,16384,47.66
168.0,16384,47.52
170.0,16384,47.53
172.0,16384,47.48
174.0,16384,47.42
176.0,16384,47.48
178.0,16384,47.49
180.0,16384,47.50
182.0,16384,47.49
184.0,16384,47.34
186.0,16384,47.28
188.0,16384,47.21
190.0,16384,47.19
192.0,16384,47.15
194.0,16384,47.16
196.0,16384,47.19
198.0,16384,47.26
200.0,16384,47.24
202.0,16384,47.07
204.0,16384,47.05
206.0,16384,47.05
208.0,16384,47.02
210.0,16384,47.00
212.0,16384,47.02
214.0,16384,47.05
216.0,16384,47.08
218.0,16384,47.14
220.0,16384,47.19
222.0,16384,47.13
224.0,16384,47.12
226.0,16384,47.06
228.0,16384,47.11
230.0,16384,47.15
232.0,16384,47.17
234.0,16384,47.25
236.0,16384,47.23
238.0,16384,47.23
240.0,16384,47.23
242.0,16384,47.22
244.0,16384,47.17
246.0,16384,47.18
248.0,16384,47.30
250.0,16384,47.33
252.0,16384,47.42
254.0,16384,47.42
256.0,16384,47.33
258.0,16384,47.34
260.0,16384,47.31
262.0,16384,47.25
264.0,16384,47.32
266.0,16384,47.35
268.0,16384,47.36
270.0,16384,47.37
272.0,16384,47.39
274.0,16384,47.40
276.0,16384,47.38
278.0,16384,47.34
280.0,16384,47.28
282.0,16384,47.35
284.0,16384,47.40
286.0,16384,47.41
288.0,16384,47.43
290.0,16384,47.43
292.0,16384,47.41
294.0,16384,47.42
296.0,16384,47.36
298.0,16384,47.32
300.0,16384,47.34
302.0,16384,47.41
304.0,16384,47.42
306.0,16384,47.44
308.0,16384,47.42
310.0,16384,47.40
312.0,16384,47.30
314.0,16384,47.09
316.0,16384,47.13
318.0,16384,47.16
320.0,16384,47.19
322.0,16384,47.20
324.0,16384,47.20
326.0,16384,47.21
328.0,16384,47.18
330.0,16384,46.95
332.0,16384,46.94
334.0,16384,46.97
336.0,16384,47.01
338.0,16384,47.01
340.0,16384,47.02
342.0,16384,47.04
344.0,16384,47.06
346.0,16384,46.94
348.0,16384,46.86
350.0,16384,46.90
352.0,16384,46.92
354.0,16384,46.92
356.0,16384,46.92
358.0,16384,46.93
360.0,16384,46.93
362.0,16384,46.86
364.0,16384,46.90
366.0,16384,46.91
368.0,16384,46.92
370.0,16384,46.92
372.0,16384,46.93
374.0,16384,46.91
376.0,16384,46.90
378.0,16384,46.82
380.0,16384,46.80
382.0,16384,46.84
384.0,16384,46.84
386.0,16384,46.85
388.0,16384,46.88
390.0,16384,46.84
392.0,16384,46.86
394.0,16384,46.68
396.0,16384,46.75
398.0,16384,46.77
400.0,16384,46.81
402.0,16384,46.81
404.0,16384,46.82
406.0,16384,46.83
408.0,16384,46.81
410.0,16384,46.77
412.0,16384,46.84
414.0,16384,46.84
416.0,16384,46.91
418.0,16384,46.93
420.0,16384,46.88
422.0,16384,46.88
424.0,16384,46.93
426.0,16384,46.91
428.0,16384,46.94
430.0,16384,47.00
432.0,16384,47.05
434.0,16384,47.12
436.0,16384,47.15
438.0,16384,47.15
440.0,16384,47.16
442.0,16384,47.12
444.0,16384,47.13
446.0,16384,47.13
448.0,16384,47.17
450.0,16384,47.21
452.0,16384,47.25
454.0,16384,47.28
456.0,16384,47.29
458.0,16384,47.27
460.0,16384,47.17
462.0,16384,47.21
464.0,16384,47.25
466.0,16384,47.27
468.0,16384,47.29
470.0,16384,47.19
472.0,16384,47.20
474.0,16384,47.18
476.0,16384,47.04
478.0,16384,47.01
480.0,16384,47.05
482.0,16384,47.06
484.0,16384,47.11
486.0,16384,47.12
488.0,16384,47.10
490.0,16384,47.06
492.0,16384,46.97
494.0,16384,46.94
496.0,16384,46.94
498.0,16384,47.05
500.0,16384,47.05
0.0,32768,52.00
2.0,32768,52.00
4.0,32768,52.00
6.0,32768,52.00
8.0,32768,52.00
10.0,32768,52.00
12.0,32768,52.00
14.0,32768,52.00
16.0,32768,52.00
18.0,32768,52.00
20.0,32768,52.00
22.0,32768,52.00
24.0,32768,52.00
26.0,32768,52.00
28.0,32768,52.00
30.0,32768,52.00
32.0,32768,52.00
34.0,32768,52.00
36.0,32768,52.00
38.0,32768,52.00
40.0,32768,52.00
42.0,32768,52.00
44.0,32768,52.00
46.0,32768,52.00
48.0,32768,51.99
50.0,32768,51.99
52.0,32768,51.99
54.0,32768,51.99
56.0,32768,51.98
58.0,32768,51.96
60.0,32768,51.96
62.0,32768,51.95
64.0,32768,51.91
66.0,32768,51.93
68.0,32768,51.94
70.0,32768,51.95
72.0,32768,51.95
74.0,32768,51.95
76.0,32768,51.95
78.0,32768,51.95
80.0,32768,51.95
82.0,32768,51.95
84.0,32768,51.93
86.0,32768,51.93
88.0,32768,51.93
90.0,32768,51.92
92.0,32768,51.92
94.0,32768,51.91
96.0,32768,51.89
98.0,32768,51.88
100.0,32768,51.91
102.0,32768,51.92
104.0,32768,51.92
106.0,32768,51.92
108.0,32768,51.92
110.0,32768,51.92
112.0,32768,51.92
114.0,32768,51.92
116.0,32768,51.92
118.0,32768,51.89
120.0,32768,51.88
122.0,32768,51.88
124.0,32768,51.87
126.0,32768,51.88
128.0,32768,51.87
130.0,32768,51.86
132.0,32768,51.87
134.0,32768,51.89
136.0,32768,51.89
138.0,32768,51.89
140.0,32768,51.89
142.0,32768,51.89
144.0,32768,51.89
146.0,32768,51.89
148.0,32768,51.88
150.0,32768,51.88
152.0,32768,51.88
154.0,32768,51.88
156.0,32768,51.87
158.0,32768,51.86
160.0,32768,51.87
162.0,32768,51.84
164.0,32768,51.83
166.0,32768,51.86
168.0,32768,51.88
170.0,32768,51.88
172.0,32768,51.88
174.0,32768,51.88
176.0,32768,51.88
178.0,32768,51.88
180.0,32768,51.88
182.0,32768,51.88
184.0,32768,51.88
186.0,32768,51.85
188.0,32768,51.84
190.0,32768,51.84
192.0,32768,51.84
194.0,32768,51.83
196.0,32768,51.81
198.0,32768,51.82
200.0,32768,51.83
202.0,32768,51.85
204.0,32768,51.86
206.0,32768,51.87
208.0,32768,51.87
210.0,32768,51.86
212.0,32768,51.86
214.0,32768,51.85
216.0,32768,51.84
218.0,32768,51.84
220.0,32768,51.83
222.0,32768,51.84
224.0,32768,51.83
226.0,32768,51.81
228.0,32768,51.78
230.0,32768,51.78
232.0,32768,51.79
234.0,32768,51.83
236.0,32768,51.83
238.0,32768,51.84
240.0,32768,51.85
242.0,32768,51.85
244.0,32768,51.85
246.0,32768,51.84
248.0,32768,51.83
250.0,32768,51.82
252.0,32768,51.81
254.0,32768,51.80
256.0,32768,51.78
258.0,32768,51.75
260.0,32768,51.75
262.0,32768,51.76
264.0,32768,51.79
266.0,32768,51.81
268.0,32768,51.81
270.0,32768,51.81
272.0,32768,51.81
274.0,32768,51.80
276.0,32768,51.80
278.0,32768,51.79
280.0,32768,51.77
282.0,32768,51.77
284.0,32768,51.77
286.0,32768,51.76
288.0,32768,51.76
290.0,32768,51.74
292.0,32768,51.73
294.0,32768,51.73
296.0,32768,51.74
298.0,32768,51.75
300.0,32768,51.77
302.0,32768,51.77
304.0,32768,51.77
306.0,32768,51.77
308.0,32768,51.75
310.0,32768,51.74
312.0,32768,51.73
314.0,32768,51.71
316.0,32768,51.70
318.0,32768,51.70
320.0,32768,51.71
322.0,32768,51.70
324.0,32768,51.66
326.0,32768,51.65
328.0,32768,51.67
330.0,32768,51.73
332.0,32768,51.75
334.0,32768,51.75
336.0,32768,51.75
338.0,32768,51.75
340.0,32768,51.75
342.0,32768,51.75
344.0,32768,51.74
346.0,32768,51.74
348.0,32768,51.74
350.0,32768,51.74
352.0,32768,51.74
354.0,32768,51.71
356.0,32768,51.70
358.0,32768,51.70
360.0,32768,51.70
362.0,32768,51.72
364.0,32768,51.72
366.0,32768,51.73
368.0,32768,51.73
370.0,32768,51.73
372.0,32768,51.73
374.0,32768,51.73
376.0,32768,51.73
378.0,32768,51.73
380.0,32768,51.73
382.0,32768,51.73
384.0,32768,51.73
386.0,32768,51.71
388.0,32768,51.68
390.0,32768,51.64
392.0,32768,51.64
394.0,32768,51.66
396.0,32768,51.70
398.0,32768,51.72
400.0,32768,51.72
402.0,32768,51.72
404.0,32768,51.72
406.0,32768,51.69
408.0,32768,51.70
410.0,32768,51.69
412.0,32768,51.68
414.0,32768,51.69
416.0,32768,51.67
418.0,32768,51.64
420.0,32768,51.62
422.0,32768,51.59
424.0,32768,51.58
426.0,32768,51.60
428.0,32768,51.65
430.0,32768,51.65
432.0,32768,51.67
434.0,32768,51.67
436.0,32768,51.67
438.0,32768,51.67
440.0,32768,51.67
442.0,32768,51.65
444.0,32768,51.63
446.0,32768,51.63
448.0,32768,51.61
450.0,32768,51.58
452.0,32768,51.58
454.0,32768,51.57
456.0,32768,51.56
458.0,32768,51.56
460.0,32768,51.59
462.0,32768,51.60
464.0,32768,51.62
466.0,32768,51.64
468.0,32768,51.64
470.0,32768,51.64
472.0,32768,51.64
474.0,32768,51.64
476.0,32768,51.63
478.0,32768,51.62
480.0,32768,51.61
482.0,32768,51.58
484.0,32768,51.59
486.0,32768,51.60
488.0,32768,51.59
490.0,32768,51.60
492.0,32768,51.61
494.0,32768,51.62
496.0,32768,51.63
498.0,32768,51.63
500.0,32768,51.63
0.0,65536,52.00
2.0,65536,52.00
4.0,65536,52.00
6.0,65536,52.00
8.0,65536,52.00
10.0,65536,52.00
12.0,65536,52.00
14.0,65536,52.00
16.0,65536,52.00
18.0,65536,52.00
20.0,65536,52.00
22.0,65536,52.00
24.0,65536,52.00
26.0,65536,52.00
28.0,65536,52.00
30.0,65536,52.00
32.0,65536,52.00
34.0,65536,52.00
36.0,65536,52.00
38.0,65536,52.00
40.0,65536,52.00
42.0,65536,52.00
44.0,65536,52.00
46.0,65536,52.00
48.0,65536,52.00
50.0,65536,52.00
52.0,65536,52.00
54.0,65536,52.00
56.0,65536,52.00
58.0,65536,52.00
60.0,65536,52.00
62.0,65536,52.00
64.0,65536,52.00
66.0,65536,52.00
68.0,65536,52.00
70.0,65536,52.00
72.0,65536,52.00
74.0,65536,52.00
76.0,65536,52.00
78.0,65536,52.00
80.0,65536,52.00
82.0,65536,52.00
84.0,65536,52.00
86.0,65536,52.00
88.0,65536,52.00
90.0,65536,52.00
92.0,65536,52.00
94.0,65536,52.00
96.0,65536,52.00
98.0,65536,52.00
100.0,65536,52.00
102.0,65536,52.00
104.0,65536,52.00
106.0,65536,52.00
108.0,65536,52.00
110.0,65536,52.00
112.0,65536,52.00
114.0,65536,52.00
116.0,65536,52.00
118.0,65536,52.00
120.0,65536,52.00
122.0,65536,52.00
124.0,65536,52.00
126.0,65536,52.00
128.0,65536,52.00
130.0,65536,52.00
132.0,65536,52.00
134.0,65536,52.00
136.0,65536,52.00
138.0,65536,52.00
140.0,65536,52.00
142.0,65536,52.00
144.0,65536,52.00
146.0,65536,52.00
148.0,65536,52.00
150.0,65536,52.00
152.0,65536,52.00
154.0,65536,52.00
156.0,65536,52.00
158.0,65536,52.00
160.0,65536,52.00
162.0,65536,52.00
164.0,65536,52.00
166.0,65536,52.00
168.0,65536,52.00
170.0,65536,52.00
172.0,65536,52.00
174.0,65536,52.00
176.0,65536,52.00
178.0,65536,52.00
180.0,65536,52.00
182.0,65536,52.00
184.0,65536,52.00
186.0,65536,52.00
188.0,65536,52.00
190.0,65536,52.00
192.0,65536,52.00
194.0,65536,52.00
196.0,65536,52.00
198.0,65536,52.00
200.0,65536,52.00
202.0,65536,52.00
204.0,65536,52.00
206.0,65536,52.00
208.0,65536,52.00
210.0,65536,52.00
212.0,65536,52.00
214.0,65536,52.00
216.0,65536,52.00
218.0,65536,52.00
220.0,65536,52.00
222.0,65536,52.00
224.0,65536,52.00
226.0,65536,52.00
228.0,65536,52.00
230.0,65536,52.00
232.0,65536,52.00
234.0,65536,52.00
236.0,65536,52.00
238.0,65536,52.00
240.0,65536,52.00
242.0,65536,52.00
244.0,65536,52.00
246.0,65536,52.00
248.0,65536,52.00
250.0,65536,52.00
252.0,65536,52.00
254.0,65536,52.00
256.0,65536,52.00
258.0,65536,52.00
260.0,65536,52.00
262.0,65536,52.00
264.0,65536,52.00
266.0,65536,52.00
268.0,65536,52.00
270.0,65536,52.00
272.0,65536,52.00
274.0,65536,52.00
276.0,65536,52.00
278.0,65536,52.00
280.0,65536,52.00
282.0,65536,52.00
284.0,65536,52.00
286.0,65536,52.00
288.0,65536,52.00
290.0,65536,52.00
292.0,65536,51.99
294.0,65536,51.99
296.0,65536,51.99
298.0,65536,51.99
300.0,65536,51.99
302.0,65536,51.99
304.0,65536,51.99
306.0,65536,51.99
308.0,65536,51.99
310.0,65536,51.99
312.0,65536,51.99
314.0,65536,51.99
316.0,65536,51.99
318.0,65536,51.99
320.0,65536,51.99
322.0,65536,51.99
324.0,65536,51.99
326.0,65536,51.99
328.0,65536,51.99
330.0,65536,51.99
332.0,65536,51.99
334.0,65536,51.99
336.0,65536,51.99
338.0,65536,51.99
340.0,65536,51.99
342.0,65536,51.99
344.0,65536,51.99
346.0,65536,51.99
348.0,65536,51.99
350.0,65536,51.99
352.0,65536,51.99
354.0,65536,51.99
356.0,65536,51.99
358.0,65536,51.99
360.0,65536,51.98
362.0,65536,51.99
364.0,65536,51.99
366.0,65536,51.99
368.0,65536,51.99
370.0,65536,51.99
372.0,65536,51.99
374.0,65536,51.99
376.0,65536,51.99
378.0,65536,51.99
380.0,65536,51.99
382.0,65536,51.99
384.0,65536,51.99
386.0,65536,51.99
388.0,65536,51.99
390.0,65536,51.99
392.0,65536,51.99
394.0,65536,51.99
396.0,65536,51.99
398.0,65536,51.99
400.0,65536,51.99
402.0,65536,51.99
404.0,65536,51.99
406.0,65536,51.99
408.0,65536,51.99
410.0,65536,51.99
412.0,65536,51.99
414.0,65536,51.99
416.0,65536,51.99
418.0,65536,51.99
420.0,65536,51.99
422.0,65536,51.99
424.0,65536,51.99
426.0,65536,51.98
428.0,65536,51.99
430.0,65536,51.99
432.0,65536,51.99
434.0,65536,51.99
436.0,65536,51.99
438.0,65536,51.99
440.0,65536,51.99
442.0,65536,51.99
444.0,65536,51.99
446.0,65536,51.99
448.0,65536,51.99
450.0,65536,51.99
452.0,65536,51.99
454.0,65536,51.99
456.0,65536,51.99
458.0,65536,51.99
460.0,65536,51.99
462.0,65536,51.99
464.0,65536,51.99
466.0,65536,51.99
468.0,65536,51.99
470.0,65536,51.99
472.0,65536,51.99
474.0,65536,51.99
476.0,65536,51.99
478.0,65536,51.99
480.0,65536,51.99
482.0,65536,51.99
484.0,65536,51.99
486.0,65536,51.99
488.0,65536,51.99
490.0,65536,51.99
492.0,65536,51.99
494.0,65536,51.99
496.0,65536,51.99
498.0,65536,51.99
500.0,65536,51.99
# optimal,,52.00
