onset_queries_K,B_swap,hit_rate_pct
0.0,8,0.10
5.0,8,37.16
10.0,8,41.93
15.0,8,44.96
20.0,8,46.92
25.0,8,48.63
30.0,8,49.81
35.0,8,50.39
40.0,8,50.31
45.0,8,50.70
50.0,8,50.75
55.0,8,50.90
60.0,8,50.96
65.0,8,51.08
70.0,8,51.04
75.0,8,51.10
80.0,8,51.15
85.0,8,51.14
90.0,8,51.21
95.0,8,51.17
100.0,8,51.23
105.0,8,51.26
110.0,8,51.26
115.0,8,51.26
120.0,8,51.22
125.0,8,51.21
130.0,8,51.20
135.0,8,51.14
140.0,8,51.18
145.0,8,51.22
150.0,8,51.21
155.0,8,51.33
160.0,8,51.28
165.0,8,51.30
170.0,8,51.30
175.0,8,51.33
180.0,8,51.36
185.0,8,51.35
190.0,8,51.35
195.0,8,51.34
200.0,8,51.33
205.0,8,51.29
210.0,8,51.37
215.0,8,51.25
220.0,8,51.33
225.0,8,51.26
230.0,8,51.29
235.0,8,51.25
240.0,8,51.28
245.0,8,51.29
250.0,8,51.27
255.0,8,51.28
260.0,8,51.27
265.0,8,51.23
270.0,8,51.16
275.0,8,51.26
280.0,8,51.18
285.0,8,51.24
290.0,8,51.18
295.0,8,51.23
300.0,8,51.21
305.0,8,51.23
310.0,8,51.24
315.0,8,51.24
320.0,8,51.26
325.0,8,51.23
330.0,8,51.27
335.0,8,51.14
340.0,8,51.30
345.0,8,51.22
350.0,8,51.30
355.0,8,51.25
360.0,8,51.27
365.0,8,51.26
370.0,8,51.29
375.0,8,51.26
380.0,8,51.32
385.0,8,51.32
390.0,8,51.33
395.0,8,51.35
400.0,8,51.22
405.0,8,51.27
410.0,8,51.21
415.0,8,51.25
420.0,8,51.24
425.0,8,51.27
430.0,8,51.25
435.0,8,51.25
440.0,8,51.22
445.0,8,51.25
450.0,8,51.24
455.0,8,51.23
460.0,8,51.22
465.0,8,51.13
470.0,8,51.14
475.0,8,51.19
480.0,8,51.13
485.0,8,51.24
490.0,8,51.22
495.0,8,51.26
0.0,16,0.10
5.0,16,32.52
10.0,16,37.17
15.0,16,39.82
20.0,16,41.98
25.0,16,43.33
30.0,16,44.51
35.0,16,45.62
40.0,16,46.64
45.0,16,47.45
50.0,16,48.26
55.0,16,48.95
60.0,16,49.60
65.0,16,50.17
70.0,16,50.72
75.0,16,51.20
80.0,16,51.19
85.0,16,51.11
90.0,16,51.07
95.0,16,51.11
100.0,16,51.28
105.0,16,51.28
110.0,16,51.21
115.0,16,51.21
120.0,16,51.31
125.0,16,51.31
130.0,16,51.26
135.0,16,51.28
140.0,16,51.42
145.0,16,51.40
150.0,16,51.29
155.0,16,51.28
160.0,16,51.27
165.0,16,51.32
170.0,16,51.31
175.0,16,51.27
180.0,16,51.25
185.0,16,51.33
190.0,16,51.33
195.0,16,51.31
200.0,16,51.37
205.0,16,51.48
210.0,16,51.46
215.0,16,51.35
220.0,16,51.30
225.0,16,51.33
230.0,16,51.38
235.0,16,51.39
240.0,16,51.34
245.0,16,51.33
250.0,16,51.36
255.0,16,51.36
260.0,16,51.34
265.0,16,51.42
270.0,16,51.45
275.0,16,51.34
280.0,16,51.25
285.0,16,51.25
290.0,16,51.40
295.0,16,51.42
300.0,16,51.38
305.0,16,51.30
310.0,16,51.29
315.0,16,51.31
320.0,16,51.31
325.0,16,51.24
330.0,16,51.33
335.0,16,51.35
340.0,16,51.26
345.0,16,51.17
350.0,16,51.20
355.0,16,51.33
360.0,16,51.37
365.0,16,51.33
370.0,16,51.27
375.0,16,51.30
380.0,16,51.32
385.0,16,51.30
390.0,16,51.27
395.0,16,51.36
400.0,16,51.38
405.0,16,51.20
410.0,16,51.17
415.0,16,51.15
420.0,16,51.32
425.0,16,51.33
430.0,16,51.27
435.0,16,51.23
440.0,16,51.30
445.0,16,51.30
450.0,16,51.28
455.0,16,51.24
460.0,16,51.30
465.0,16,51.28
470.0,16,51.12
475.0,16,51.02
480.0,16,51.12
485.0,16,51.27
490.0,16,51.29
495.0,16,51.22
0.0,32,0.10
5.0,32,27.91
10.0,32,31.90
15.0,32,34.43
20.0,32,36.42
25.0,32,38.07
30.0,32,39.24
35.0,32,40.30
40.0,32,41.20
45.0,32,42.02
50.0,32,42.74
55.0,32,43.48
60.0,32,44.01
65.0,32,44.51
70.0,32,45.05
75.0,32,45.57
80.0,32,46.13
85.0,32,46.59
90.0,32,47.02
95.0,32,47.41
100.0,32,47.76
105.0,32,48.10
110.0,32,48.41
115.0,32,48.76
120.0,32,49.06
125.0,32,49.33
130.0,32,49.58
135.0,32,49.86
140.0,32,50.12
145.0,32,50.37
150.0,32,50.64
155.0,32,50.88
160.0,32,51.11
165.0,32,51.30
170.0,32,51.41
175.0,32,51.41
180.0,32,51.37
185.0,32,51.33
190.0,32,51.27
195.0,32,51.24
200.0,32,51.26
205.0,32,51.31
210.0,32,51.33
215.0,32,51.42
220.0,32,51.49
225.0,32,51.54
230.0,32,51.55
235.0,32,51.53
240.0,32,51.49
245.0,32,51.44
250.0,32,51.37
255.0,32,51.35
260.0,32,51.34
265.0,32,51.43
270.0,32,51.50
275.0,32,51.51
280.0,32,51.47
285.0,32,51.38
290.0,32,51.32
295.0,32,51.29
300.0,32,51.28
305.0,32,51.26
310.0,32,51.26
315.0,32,51.29
320.0,32,51.33
325.0,32,51.39
330.0,32,51.42
335.0,32,51.43
340.0,32,51.35
345.0,32,51.27
350.0,32,51.19
355.0,32,51.17
360.0,32,51.14
365.0,32,51.17
370.0,32,51.20
375.0,32,51.25
380.0,32,51.35
385.0,32,51.37
390.0,32,51.37
395.0,32,51.36
400.0,32,51.28
405.0,32,51.16
410.0,32,51.13
415.0,32,51.12
420.0,32,51.12
425.0,32,51.13
430.0,32,51.13
435.0,32,51.19
440.0,32,51.27
445.0,32,51.35
450.0,32,51.37
455.0,32,51.37
460.0,32,51.37
465.0,32,51.28
470.0,32,51.23
475.0,32,51.17
480.0,32,51.20
485.0,32,51.22
490.0,32,51.25
495.0,32,51.29
0.0,no_maint,0.01
5.0,no_maint,0.01
10.0,no_maint,0.01
15.0,no_maint,0.01
20.0,no_maint,0.01
25.0,no_maint,0.01
30.0,no_maint,0.01
35.0,no_maint,0.01
40.0,no_maint,0.01
45.0,no_maint,0.01
50.0,no_maint,0.01
55.0,no_maint,0.01
60.0,no_maint,0.01
65.0,no_maint,0.01
70.0,no_maint,0.01
75.0,no_maint,0.01
80.0,no_maint,0.01
85.0,no_maint,0.01
90.0,no_maint,0.01
95.0,no_maint,0.01
100.0,no_maint,0.01
105.0,no_maint,0.01
110.0,no_maint,0.01
115.0,no_maint,0.01
120.0,no_maint,0.01
125.0,no_maint,0.01
130.0,no_maint,0.01
135.0,no_maint,0.01
140.0,no_maint,0.01
145.0,no_maint,0.01
150.0,no_maint,0.01
155.0,no_maint,0.01
160.0,no_maint,0.01
165.0,no_maint,0.01
170.0,no_maint,0.01
175.0,no_maint,0.01
180.0,no_maint,0.01
185.0,no_maint,0.01
190.0,no_maint,0.01
195.0,no_maint,0.01
200.0,no_maint,0.01
205.0,no_maint,0.01
210.0,no_maint,0.01
215.0,no_maint,0.01
220.0,no_maint,0.01
225.0,no_maint,0.01
230.0,no_maint,0.01
235.0,no_maint,0.01
240.0,no_maint,0.01
245.0,no_maint,0.01
250.0,no_maint,0.01
255.0,no_maint,0.01
260.0,no_maint,0.01
265.0,no_maint,0.01
270.0,no_maint,0.01
275.0,no_maint,0.01
280.0,no_maint,0.01
285.0,no_maint,0.01
290.0,no_maint,0.01
295.0,no_maint,0.01
300.0,no_maint,0.01
305.0,no_maint,0.01
310.0,no_maint,0.01
315.0,no_maint,0.01
320.0,no_maint,0.01
325.0,no_maint,0.01
330.0,no_maint,0.01
335.0,no_maint,0.01
340.0,no_maint,0.01
345.0,no_maint,0.01
350.0,no_maint,0.01
355.0,no_maint,0.01
360.0,no_maint,0.01
365.0,no_maint,0.01
370.0,no_maint,0.01
375.0,no_maint,0.01
380.0,no_maint,0.01
385.0,no_maint,0.01
390.0,no_maint,0.01
395.0,no_maint,0.01
400.0,no_maint,0.01
405.0,no_maint,0.01
410.0,no_maint,0.01
415.0,no_maint,0.01
420.0,no_maint,0.01
425.0,no_maint,0.01
430.0,no_maint,0.01
435.0,no_maint,0.01
440.0,no_maint,0.01
445.0,no_maint,0.01
450.0,no_maint,0.01
455.0,no_maint,0.01
460.0,no_maint,0.01
465.0,no_maint,0.01
470.0,no_maint,0.01
475.0,no_maint,0.01
480.0,no_maint,0.01
485.0,no_maint,0.01
490.0,no_maint,0.01
495.0,no_maint,0.01
