profile,logN,N,n,s,value_size,data_value_size,Q,config,measured_hot_us,measured_cold_us,measured_total_us,measured_answer_us,avg_map_us,avg_data_us,modeled_total_us,hit_pct,speedup_measured,speedup_answer_measured,speedup_modeled,trusted_kb,page_us,hot_working_kb,cold_working_kb,cold_pages_est,hot_pages_avg
large,16,65536,1024,1.000,256,0,200,flat_original_enigmap,2190.043,2190.043,2190.043,2190.043,2190.043,0.000,2190.043,-1.000,1.000,1.000,1.000,0,0.000,2131,81920,936.000,0.000
large,16,65536,1024,1.000,256,0,200,packed_FO_original_enigmap,349.727,2502.347,2530.012,1049.328,2530.012,0.000,2530.012,67.500,0.866,2.087,0.866,0,0.000,2131,81920,936.000,10.000
large,16,65536,1024,1.000,256,0,200,packed_TM_original_enigmap,349.909,2164.415,939.655,939.624,939.655,0.000,939.624,67.500,2.331,2.331,2.331,0,0.000,2131,81920,936.000,10.000
large,20,1048576,1024,1.000,256,0,200,flat_original_enigmap,3559.740,3559.740,3559.740,3559.740,3559.740,0.000,3559.740,-1.000,1.000,1.000,1.000,0,0.000,2131,1310720,1408.000,0.000
large,20,1048576,1024,1.000,256,0,200,packed_FO_original_enigmap,351.367,3865.295,3911.939,1967.774,3911.939,0.000,3911.939,54.000,0.910,1.809,0.910,0,0.000,2131,1310720,1408.000,10.000
large,20,1048576,1024,1.000,256,0,200,packed_TM_original_enigmap,353.963,3506.342,1804.083,1804.057,1804.083,0.000,1804.057,54.000,1.973,1.973,1.973,0,0.000,2131,1310720,1408.000,10.000
large,24,16777216,1024,1.000,256,0,200,flat_original_enigmap,5266.550,5266.550,5266.550,5266.550,5266.550,0.000,5266.550,-1.000,1.000,1.000,1.000,0,0.000,2131,20971520,1976.000,0.000
large,24,16777216,1024,1.000,256,0,200,packed_FO_original_enigmap,350.272,5539.238,5592.463,3282.038,5592.463,0.000,5592.463,43.500,0.942,1.605,0.942,0,0.000,2131,20971520,1976.000,10.000
large,24,16777216,1024,1.000,256,0,200,packed_TM_original_enigmap,352.017,5182.578,3081.300,3081.284,3081.300,0.000,3081.284,43.500,1.709,1.709,1.709,0,0.000,2131,20971520,1976.000,10.000
